FirstName,LastName,Address,City,State,Zip
"ALEX","BREINES","8206 13TH","Topeka","KS","66618"
"SUE","KEVELIN","4448 14TH","Topeka","KS","66618"
"LOUANNE","De Ruggiero","9684 16TH","Topeka","KS","66618"
"FERN","BILLIET","4875 17TH","Topeka","KS","66618"
"BRIDGETTE","WAYBRIGHT","2394 18TH","Topeka","KS","66618"
"BERNIE","Burbage","4574 1ST","Topeka","KS","66618"
"REBECCA","BUNDRICK","4366 21ST","Topeka","KS","66618"
"MARISSA","Jager","8807 25TH","Topeka","KS","66618"
"DORTHEA","KANN","7369 32ND","Topeka","KS","66618"
"RAMON","MAHLER","1012 33RD","Topeka","KS","66618"
"BART","Hadwin","2127 34TH","Topeka","KS","66618"
"CLORINDA","Bleythin","5206 35TH","Topeka","KS","66618"
"MICHEAL","SHEIN","6323 36TH","Topeka","KS","66618"
"SHERRON","KRIESE","2926 37TH","Topeka","KS","66618"
"HERMINE","Gerraty","9542 38TH","Topeka","KS","66618"
"ROBBY","Kybbye","1965 39TH","Topeka","KS","66618"
"SHAQUANA","BANNON","3539 42ND","Topeka","KS","66618"
"ALINE","RINGUETTE","8629 43RD","Topeka","KS","66618"
"LUCIANO","LAMFERS","760 44TH","Topeka","KS","66618"
"SHAKITA","Bear","8116 45TH","Topeka","KS","66618"
"MONTE","Beadnell","3841 46TH","Topeka","KS","66618"
"VENITA","LITZINGER","6808 47TH","Topeka","KS","66618"
"ANDERA","INTRABARTOLO","8351 48TH","Topeka","KS","66618"
"LAREE","BIRCH","4536 49TH","Topeka","KS","66618"
"ODESSA","CERONSKY","4920 50TH","Topeka","KS","66618"
"EMORY","Bento","8779 51ST","Topeka","KS","66618"
"EPIFANIA","STRATHY","472 52ND","Topeka","KS","66618"
"DAN","NAU","3873 53RD","Topeka","KS","66618"
"AMERICA","Delap","9665 54TH","Topeka","KS","66618"
"ERLENE","Bilfoot","4972 59TH","Topeka","KS","66618"
"PEI","Ledbury","2726 62ND","Topeka","KS","66618"
"THURMAN","BRIANTE","5222 63RD","Topeka","KS","66618"
"ALDA","DEEB","5814 65TH","Topeka","KS","66618"
"CIARA","LAUGHMAN","5570 66TH","Topeka","KS","66618"
"JARROD","Painswick","3082 70TH","Topeka","KS","66618"
"LIANE","BOLES","413 72ND","Topeka","KS","66618"
"JANNA","LASSITER","6436 74TH","Topeka","KS","66618"
"ELIZABET","TINAJERO","7236 78TH","Topeka","KS","66618"
"FRANKLYN","VILLAVICENCIO","2349 79TH","Topeka","KS","66618"
"JOHANNE","Stanistreet","5345 82ND","Topeka","KS","66618"
"LAVONDA","WEDEKIND","4719 86TH","Topeka","KS","66618"
"TISHA","PRUITT","8316 94TH","Topeka","KS","66618"
"GERALDO","MINKLER","1878 ACORN","Topeka","KS","66618"
"ENRIQUETA","BENTREM","1626 ALICE","Topeka","KS","66618"
"MALISA","VIRGILIO","5198 APACHE","Topeka","KS","66618"
"DOREEN","Liebrecht","2215 ARROYO","Topeka","KS","66618"
"ALEC","Smallridge","2384 ASTOR PARK","Topeka","KS","66618"
"MAX","TIOGANGCO","7068 B I S","Topeka","KS","66618"
"BRONWYN","TUGGLE","6533 BEAUMONT","Topeka","KS","66618"
"BRIGETTE","Pozzo","6859 BEECHER","Topeka","KS","66618"
"JO","SABI","3232 BEENNERN","Topeka","KS","66618"
"JENNA","Witcomb","1988 BENT TREE","Topeka","KS","66618"
"VERSIE","Clayborn","9492 BRICKYARD","Topeka","KS","66618"
"HUGH","HUEFTLE","8722 BROWN","Topeka","KS","66618"
"MARKITA","McMennum","7591 BUTTON","Topeka","KS","66618"
"ROSALEE","MCCAGE","3703 CAMBRIDGE","Topeka","KS","66618"
"THERESA","Ratnege","9084 CAMDEN","Topeka","KS","66618"
"LASHANDA","Enocksson","3130 CARVER","Topeka","KS","66618"
"AMIEE","SALVADGE","161 CAYUSE","Topeka","KS","66618"
"PHOEBE","Aherne","9476 CHERRY CREEK","Topeka","KS","66618"
"JASON","Beloe","9580 CHURCH","Topeka","KS","66618"
"ALFRED","MERSEAL","3339 CLAY","Topeka","KS","66618"
"INGEBORG","BEEGHLY","740 COUNTRY","Topeka","KS","66618"
"LEONORA","FOUTAIN","2255 COUNTRY PARK","Topeka","KS","66618"
"ZINA","ESLICK","1376 COUNTRYSIDE","Topeka","KS","66618"
"GIL","BASELER","5275 COURTLAND","Topeka","KS","66618"
"ALTAGRACIA","BONETA","4147 DAISY","Topeka","KS","66618"
"DARCEY","ASPLIN","7021 DAWDY","Topeka","KS","66618"
"DORIS","Druitt","9738 DERBY","Topeka","KS","66618"
"TWILA","TILLBERG","8098 DONDEE","Topeka","KS","66618"
"MARGARET","HAVATONE","4891 DORN","Topeka","KS","66618"
"HIRAM","SARIO","674 ELMONT","Topeka","KS","66618"
"BRIGID","Auty","7288 ERIC","Topeka","KS","66618"
"ENRIQUETA","Mulroy","6021 FAIRMONT","Topeka","KS","66618"
"KERA","Foro","9091 FIELDING","Topeka","KS","66618"
"JACKLYN","Stubbes","2951 FORBES","Topeka","KS","66618"
"SAMARA","Izkovici","6375 FREDITH","Topeka","KS","66618"
"DOMONIQUE","Oury","1516 FURMAN","Topeka","KS","66618"
"JOSEPH","Connaughton","3266 GAGE","Topeka","KS","66618"
"MINDI","Kettle","3883 GERONIMO","Topeka","KS","66618"
"ELYSE","ONAN","5087 GIBSON","Topeka","KS","66618"
"TEMPIE","DARVIN","650 GRAYBEAL","Topeka","KS","66618"
"SHELIA","TURLI","3442 GREEN HILLS","Topeka","KS","66618"
"AMIRA","OLDERSHAW","7300 GUDEN","Topeka","KS","66618"
"DOREATHA","Way","6808 HALFDAY","Topeka","KS","66618"
"GEORGIANNE","MATT","4425 HAROLD","Topeka","KS","66618"
"RIVA","Konzel","5129 HEATH","Topeka","KS","66618"
"TAMRA","Condon","7709 HIAWATHA","Topeka","KS","66618"
"TALIA","MERYMAN","5126 HICKORY RIDGE","Topeka","KS","66618"
"NU","ALHADDAD","3831 HIGH POINTE","Topeka","KS","66618"
"MARYJO","RISTER","6372 HIGHWAY 24","Topeka","KS","66618"
"JAIME","WICKLUND","8226 HOCH","Topeka","KS","66618"
"JERMAINE","Tuttle","7243 HODGES","Topeka","KS","66618"
"NORBERTO","LIPSON","5102 HUMPHREY","Topeka","KS","66618"
"ARMAND","Blethyn","5178 HUNTER","Topeka","KS","66618"
"CONSUELA","Dresser","3047 HUNTERS RIDGE","Topeka","KS","66618"
"PERCY","BROUGHT","8885 HUXMAN","Topeka","KS","66618"
"BRYANT","BLIHOVDE","6398 INDIANOLA","Topeka","KS","66618"
"SHANEL","LAMPLEY","9741 JENNINGS","Topeka","KS","66618"
"LUIS","ECKLAND","4243 KELSHAR","Topeka","KS","66618"
"BRICE","MAGOS","7821 KENDALL","Topeka","KS","66618"
"ORA","SCURTI","7737 KIRO","Topeka","KS","66618"
"SETH","Clarricoates","4074 KLING","Topeka","KS","66618"
"BONG","Record","9044 KRYSTEN","Topeka","KS","66618"
"HELEN","Elloway","978 LAKEVIEW","Topeka","KS","66618"
"RICHELLE","MIAO","7096 LANA","Topeka","KS","66618"
"NILDA","Paladini","440 LANDON","Topeka","KS","66618"
"SUDIE","Mackerness","6983 LEEDY","Topeka","KS","66618"
"PORTER","BIGAUD","1752 LEVERING","Topeka","KS","66618"
"RAUL","OHOTNICKY","4537 LIN","Topeka","KS","66618"
"MAYBELLE","SMANIOTTO","103 LINCOLN","Topeka","KS","66618"
"JANEAN","Whitfield","5878 LINWOOD","Topeka","KS","66618"
"KAYCEE","Imlock","7558 LOOKOUT","Topeka","KS","66618"
"MONTE","LAZIO","2418 LOWER SILVER","Topeka","KS","66618"
"ELLSWORTH","SCHWEINSBERG","412 LOWER SILVER LAKE","Topeka","KS","66618"
"CLEORA","McRinn","5540 LOWRY","Topeka","KS","66618"
"COLLETTE","FENNEWALD","8736 MANDELL","Topeka","KS","66618"
"TAMIKO","BUERKLE","7769 MARIAH","Topeka","KS","66618"
"RAQUEL","BARCHICK","4821 MEADOWCREST","Topeka","KS","66618"
"ARA","MEIGHAN","4825 MELBA","Topeka","KS","66618"
"BRENTON","MCCLENDON","9430 MELBA DRIVE","Topeka","KS","66618"
"MARCELINO","RAN","3435 MENNINGER","Topeka","KS","66618"
"SELENE","ZUTELL","5772 MENOKEN","Topeka","KS","66618"
"BRENTON","HULAND","7479 MESA","Topeka","KS","66618"
"SEPTEMBER","FLYGARE","4601 MISSION","Topeka","KS","66618"
"KETURAH","SKRETOWICZ","2940 MORLEY","Topeka","KS","66618"
"WILLIEMAE","STECKELBERG","6708 MOUNDVIEW","Topeka","KS","66618"
"SILVANA","SIERT","6024 NETHERLANDS","Topeka","KS","66618"
"BIRDIE","Rehn","8808 NICKELL","Topeka","KS","66618"
"EUGENIA","CLARSON","170 NORTH POINTE","Topeka","KS","66618"
"ALDA","VANDYNE","5032 NORTHBORO","Topeka","KS","66618"
"CHARLINE","Sibery","6992 OAKLEY","Topeka","KS","66618"
"LINN","LEININGER","5829 OAKVIEW","Topeka","KS","66618"
"HAYWOOD","EBERSOLE","7578 OLD INDIANOLA","Topeka","KS","66618"
"ELMA","FELUX","5780 PIPKIN","Topeka","KS","66618"
"LACIE","MAQUIS","9257 PLEASANT HILL","Topeka","KS","66618"
"TORI","LEH","141 POCAHONTAS","Topeka","KS","66618"
"ELLIS","BLAND","9660 PORTA","Topeka","KS","66618"
"MARYJO","BREEDAN","6499 POSTAGE DUE","Topeka","KS","66618"
"BRITANY","Clooney","4356 POTTAWATOMIE","Topeka","KS","66618"
"MARILU","BLEHM","4782 PUEBLO","Topeka","KS","66618"
"MICAELA","Beccles","6402 REDWOOD","Topeka","KS","66618"
"ELEONORA","LADYMAN","4035 RIDGEVIEW","Topeka","KS","66618"
"LISANDRA","Whimper","3766 RIDGEWOOD","Topeka","KS","66618"
"VERN","CIVCCI","4304 RIVER","Topeka","KS","66618"
"CHARLOTTE","SUNN","3734 ROSE","Topeka","KS","66618"
"ALEC","Nijs","2532 SALINE","Topeka","KS","66618"
"SANDRA","Rathmell","3217 SILVERSTONE","Topeka","KS","66618"
"ALVERA","CARINGI","2276 SIOUX","Topeka","KS","66618"
"HILDA","Rowlinson","1182 STERLING","Topeka","KS","66618"
"NOREEN","NYHOLM","5503 STERLING CHASE","Topeka","KS","66618"
"VICKEY","SABE","3493 STINSON","Topeka","KS","66618"
"MERVIN","Moss","6677 SUN VALLEY","Topeka","KS","66618"
"MAGARET","SEBION","6403 SUNSET","Topeka","KS","66618"
"YASMINE","TALLADINO","845 TIMBER","Topeka","KS","66618"
"SHERLYN","Paslow","4172 TIMBER EDGE","Topeka","KS","66618"
"CARLOTTA","BARTHOLEMEW","3728 UNION","Topeka","KS","66618"
"ROWENA","SWANTECK","9289 US","Topeka","KS","66618"
"TAMMI","SCHANTINI","8139 US HIGHWAY","Topeka","KS","66618"
"JONELL","Darthe","4665 US HIGHWAY 24","Topeka","KS","66618"
"PHYLIS","Cashman","1988 US HIGHWAY 75","Topeka","KS","66618"
"JOIE","BABENA","5853 VAIL","Topeka","KS","66618"
"FREDA","FIELDSTADT","7344 VALLEY","Topeka","KS","66618"
"WENDOLYN","GENOVA","2378 WALNUT","Topeka","KS","66618"
"REYNALDA","HANBERG","5534 WENDEL","Topeka","KS","66618"
"MARCELA","GRICH","3108 WESTGATE","Topeka","KS","66618"
"GHISLAINE","Topling","4206 WILSON","Topeka","KS","66618"
"GLAYDS","Fraschini","5730 22ND","Topeka","KS","66611"
"WILLIEMAE","Tattoo","5919 23RD","Topeka","KS","66611"
"GUDRUN","FRILEY","7374 24TH","Topeka","KS","66611"
"DELMA","MORPHY","8091 25TH","Topeka","KS","66611"
"AYANNA","LASKIN","1535 26TH","Topeka","KS","66611"
"TYESHA","Hudleston","8543 27TH","Topeka","KS","66611"
"NISHA","FIESELMAN","9232 28TH","Topeka","KS","66611"
"LEANN","NIMOX","2750 29TH","Topeka","KS","66611"
"SHERON","OLBRISH","2395 30TH","Topeka","KS","66611"
"MINNA","Redmire","846 31ST","Topeka","KS","66611"
"COURTNEY","FRIEDENBERG","2019 32ND","Topeka","KS","66611"
"HANG","WIECHERT","7459 33RD","Topeka","KS","66611"
"BOYCE","HANINGTON","9186 34TH","Topeka","KS","66611"
"FRANKLYN","TRENNELL","5787 35TH","Topeka","KS","66611"
"MAIRA","TURZIANO","4906 36TH","Topeka","KS","66611"
"BOBBYE","STAGER","5713 37TH","Topeka","KS","66611"
"SHEA","Filochov","1759 AFTON","Topeka","KS","66611"
"ELLYN","SCHURMAN","5643 ARGYLL","Topeka","KS","66611"
"MAGNOLIA","LONGBINE","4969 ARMAGH","Topeka","KS","66611"
"EMOGENE","FALTER","1821 ARMCO","Topeka","KS","66611"
"ONITA","WALSH","3755 BEVERLY","Topeka","KS","66611"
"AIDE","SCHABER","2136 BOSWELL","Topeka","KS","66611"
"LAURENE","Letterick","8731 BRADBURY","Topeka","KS","66611"
"ERICH","TIJING","6770 BRENDAN","Topeka","KS","66611"
"HULDA","Bewly","5860 BREWSTER","Topeka","KS","66611"
"STEPHNIE","Danbi","8888 BRIARWOOD","Topeka","KS","66611"
"BRITTANIE","Tue","1062 BROOKLYN","Topeka","KS","66611"
"RUSTY","ABRAHAMSON","4379 BUCHANAN","Topeka","KS","66611"
"VASHTI","TAGALOG","1613 BURLINGAME","Topeka","KS","66611"
"JOELLE","SPEROS","4845 CALEDON","Topeka","KS","66611"
"WILLETTA","DEFARIA","9394 CELTIC","Topeka","KS","66611"
"TREVA","CAPRARIO","9691 CENTRAL PARK","Topeka","KS","66611"
"SOON","Greir","5533 CLARE","Topeka","KS","66611"
"KAYCE","SEARCY","3291 CLAY","Topeka","KS","66611"
"AKIKO","PEIN","3057 CLONTARF","Topeka","KS","66611"
"EDISON","FORSHEE","2720 COLLEGE","Topeka","KS","66611"
"JOANNIE","GRAFFAGNINO","4517 CORNWALL","Topeka","KS","66611"
"JASMINE","Chaddock","8542 COUNTRY CLUB","Topeka","KS","66611"
"MITCHEL","Fruin","2502 CRESTVIEW","Topeka","KS","66611"
"DIANNE","Zoellner","9056 CROIX","Topeka","KS","66611"
"SHERILYN","LAMPHEAR","5869 DAMON","Topeka","KS","66611"
"SHARICE","DIMMITT","5279 DE SOUSA","Topeka","KS","66611"
"KIERSTEN","THOMURE","8449 DEVON","Topeka","KS","66611"
"EVALYN","SWATEK","3516 FAIRWAY","Topeka","KS","66611"
"DONETTE","Tofts","9247 FILLMORE","Topeka","KS","66611"
"OFELIA","CUBIAS","9332 GARFIELD","Topeka","KS","66611"
"OTTO","ABRIOLA","5660 GLENCOE","Topeka","KS","66611"
"ANNETTE","Atteridge","4354 GRANTHURST","Topeka","KS","66611"
"TRICIA","Blowne","7642 HARP","Topeka","KS","66611"
"AZALEE","LYNCHARD","9068 HARRISON","Topeka","KS","66611"
"VIKI","KRASNOW","5500 HIGH","Topeka","KS","66611"
"MARAGARET","RIEDMAN","7717 HILLSIDE","Topeka","KS","66611"
"CUC","Everwin","8738 INDIAN WOODS","Topeka","KS","66611"
"STORMY","KNKNOWN","3314 JARDINE","Topeka","KS","66611"
"SALLIE","BISCARDI","9617 JEWELL","Topeka","KS","66611"
"ERROL","SEDLAY","460 KANSAS","Topeka","KS","66611"
"MARANDA","Heindrich","7240 KERRY","Topeka","KS","66611"
"BRANDEE","HABEL","3443 KIRKLAWN","Topeka","KS","66611"
"MARCIE","NOENS","3505 KNOLLWOOD","Topeka","KS","66611"
"CHARMAIN","BEUERLE","4676 LANE","Topeka","KS","66611"
"RICH","McCray","4886 LINCOLN","Topeka","KS","66611"
"SHENNA","Christall","8556 MACVICAR","Topeka","KS","66611"
"SELENA","STANSBERRY","2628 MAYFAIR","Topeka","KS","66611"
"MOLLY","PILA","6705 MAYO","Topeka","KS","66611"
"ALETHA","BYOD","6585 MEDFORD","Topeka","KS","66611"
"KIESHA","Sandom","2776 MERRIAM","Topeka","KS","66611"
"CLEOTILDE","POWEL","4083 MISTINES","Topeka","KS","66611"
"TWILA","RAMIRO","3718 MULVANE","Topeka","KS","66611"
"DELILAH","SHELLS","4701 MURROW","Topeka","KS","66611"
"TRUDI","RISLER","715 PEPPER TREE","Topeka","KS","66611"
"KEVIN","TACKETT","9036 PLASS","Topeka","KS","66611"
"LLOYD","DATCHER","1188 POSTAGE DUE","Topeka","KS","66611"
"GOLDIE","SHANDY","5036 POTOMAC","Topeka","KS","66611"
"TERRILYN","Gamon","5347 RANDOLPH","Topeka","KS","66611"
"MIRIAM","DOVEL","2739 SHUNGA","Topeka","KS","66611"
"LEOMA","MENDIETA","4310 SIEBEN","Topeka","KS","66611"
"KRISTA","Calles","6808 SUNNYMEDE","Topeka","KS","66611"
"HARRIET","PEACHEY","4333 TARA","Topeka","KS","66611"
"GRACIELA","Edelheid","4765 TERRACE","Topeka","KS","66611"
"KACIE","PICKMAN","4159 TOPEKA","Topeka","KS","66611"
"BOBBY","Crosgrove","4196 VAN BUREN","Topeka","KS","66611"
"VENETTA","BEMBI","4541 WASHBURN","Topeka","KS","66611"
"JADWIGA","NASO","3503 WAYNE","Topeka","KS","66611"
"KANDRA","DROZDA","133 WESTERN","Topeka","KS","66611"
"ROOSEVELT","Tatterton","6140 WESTVIEW","Topeka","KS","66611"
"CELESTE","EDDLEMAN","3892 WILDWOOD","Topeka","KS","66611"
"TONYA","DUNCANS","2143 WITHDEAN","Topeka","KS","66611"
"ODETTE","SULZBACH","1831 10TH","Topeka","KS","66612"
"SINDY","TURNE","8629 11TH","Topeka","KS","66612"
"KARLY","Cornau","9784 12TH","Topeka","KS","66612"
"KELLIE","Clouter","7134 13TH","Topeka","KS","66612"
"JOCELYN","REGINALDO","7127 14TH","Topeka","KS","66612"
"RUSSELL","HUGHSON","547 15TH","Topeka","KS","66612"
"BETSY","REDICK","5842 16TH","Topeka","KS","66612"
"LOGAN","SE","6933 17TH","Topeka","KS","66612"
"SIXTA","OK","3503 18TH","Topeka","KS","66612"
"PATTI","DELOACH","606 20TH","Topeka","KS","66612"
"JAQUELINE","VANVLECK","6060 21ST","Topeka","KS","66612"
"UNA","Kiltie","558 9TH","Topeka","KS","66612"
"JANAY","KRISTON","3632 EXODUSTER","Topeka","KS","66612"
"MODESTA","Rosso","2864 EXPOCENTRE","Topeka","KS","66612"
"CRISTAL","Bicknell","6757 HAMPTON","Topeka","KS","66612"
"HARLAN","Emberson","6267 HARADELA","Topeka","KS","66612"
"ALMEDA","SHORB","3830 HARRISON","Topeka","KS","66612"
"SHIRL","Storrier","8228 HUNTOON","Topeka","KS","66612"
"MARIEL","Boothman","4137 JACKSON","Topeka","KS","66612"
"CHARISE","Beebis","595 KANSAS","Topeka","KS","66612"
"JULES","COLKER","1710 MERCHANT NATL BANK","Topeka","KS","66612"
"LORNA","Newlove","6870 MERCHANT TOWERS","Topeka","KS","66612"
"KETURAH","Moakes","3544 MERCHANTS NATL BANK","Topeka","KS","66612"
"ARGENTINA","CHARLETTE","7413 MONROE","Topeka","KS","66612"
"ROSEANNA","Daykin","299 NAPLES","Topeka","KS","66612"
"NORMA","KUSE","1988 POLK","Topeka","KS","66612"
"QUINN","Rawlin","6225 POSTAGE DUE","Topeka","KS","66612"
"CATHERN","Dunston","4373 QUINCY","Topeka","KS","66612"
"TERRILYN","NEDMAN","7208 ROBY","Topeka","KS","66612"
"KRISSY","Ganter","3976 TAYLOR","Topeka","KS","66612"
"JENNI","MCCOMAS","1473 TOPEKA","Topeka","KS","66612"
"JONI","MAWHORTER","5955 TYLER","Topeka","KS","66612"
"WES","KOLESAR","3823 VAN BUREN","Topeka","KS","66612"
"LINNIE","IJAMES","7800 6TH","Topeka","KS","66608"
"LANELLE","Badgers","8597 8TH","Topeka","KS","66608"
"MARCELL","OHME","593 BLAINE","Topeka","KS","66608"
"KARRIE","LILIEN","2298 BROAD","Topeka","KS","66608"
"DALLAS","Janton","2756 BUCHANAN","Topeka","KS","66608"
"BRITTANEY","EHRHARD","7429 BURGESS","Topeka","KS","66608"
"NOBLE","REDIGER","7822 CENTRAL","Topeka","KS","66608"
"CHAUNCEY","BALCH","2947 CLAY","Topeka","KS","66608"
"LATINA","MCKONE","1119 CURTIS","Topeka","KS","66608"
"RISA","CLAGGETT","1900 ELM ROW","Topeka","KS","66608"
"VIRGIL","KOHL","3244 EUGENE","Topeka","KS","66608"
"CALVIN","VANSTEE","2451 EVELYN","Topeka","KS","66608"
"CORDIE","FANCHER","6838 FAIRCHILD","Topeka","KS","66608"
"ARGENTINA","Stutard","897 FILLMORE","Topeka","KS","66608"
"MADELYN","LARTEY","2791 GORDON","Topeka","KS","66608"
"MYRON","Paladini","3145 GRANT","Topeka","KS","66608"
"KURT","TENZER","2394 GRANTVILLE","Topeka","KS","66608"
"ISA","MCLEMORE","1341 GREENWOOD","Topeka","KS","66608"
"LORE","BLOMKER","8182 HARDT","Topeka","KS","66608"
"CUC","ROYAL","1793 HARRISON","Topeka","KS","66608"
"JONATHON","PRUNEAU","2952 HOLMAN","Topeka","KS","66608"
"ELWOOD","KOPPERUD","1299 HOWARD","Topeka","KS","66608"
"CATHY","POSTEMSKI","4232 INDEPENDENCE","Topeka","KS","66608"
"HATTIE","PARRINELLO","3778 JACKSON","Topeka","KS","66608"
"ROZANNE","ZEDIKER","2441 JAY","Topeka","KS","66608"
"LOUISE","Goude","3738 JEFFERSON","Topeka","KS","66608"
"CHARLSIE","Dumphry","6277 KANSAS","Topeka","KS","66608"
"TREY","SPOHNHOLZ","4710 LANE","Topeka","KS","66608"
"MONIKA","DELUCCHI","7805 LAURENT","Topeka","KS","66608"
"TIFFINY","MURTAUGH","165 LEWIS","Topeka","KS","66608"
"INELL","Hanshaw","1157 LINCOLN","Topeka","KS","66608"
"ELADIA","Jiruca","281 LOGAN","Topeka","KS","66608"
"GAY","ROBASCIOTTI","5518 LOWER SILVER LAKE","Topeka","KS","66608"
"GARLAND","Laurentino","9787 LYMAN","Topeka","KS","66608"
"OLIVER","Grover","3121 MADISON","Topeka","KS","66608"
"JESS","Mineghelli","2357 MERIDEN","Topeka","KS","66608"
"JENISE","ZARRABI","7276 MONROE","Topeka","KS","66608"
"MELLIE","Vasse","5365 MORSE","Topeka","KS","66608"
"LORILEE","Reason","2755 MYRTLE","Topeka","KS","66608"
"DEB","Charlick","8168 NORRIS","Topeka","KS","66608"
"FLORENCIA","FIERMONTE","1920 PARAMORE","Topeka","KS","66608"
"VIKKI","COOPPER","2474 PO BOX","Topeka","KS","66608"
"SHIELA","Routham","3661 POLK","Topeka","KS","66608"
"MERISSA","McAllester","4625 QUINCY","Topeka","KS","66608"
"TANEKA","Piddick","5065 RAILROAD","Topeka","KS","66608"
"KASEY","OSMOND","8909 SAINT JOHN","Topeka","KS","66608"
"MAIA","RECOR","7681 SARDOU","Topeka","KS","66608"
"COREY","Sphinxe","3487 SCHALLER","Topeka","KS","66608"
"YI","Viste","8373 SHOREY","Topeka","KS","66608"
"TILDA","Tolson","7994 SOLDIER","Topeka","KS","66608"
"ANALISA","Kiggel","8834 ST JOHN","Topeka","KS","66608"
"VI","FERRIOLO","5573 STARLIGHT","Topeka","KS","66608"
"MARYANN","OKEN","2177 STUDER","Topeka","KS","66608"
"FELIPE","Balcock","2488 TAYLOR","Topeka","KS","66608"
"VIVIANA","BEUCHLER","9297 TOPEKA","Topeka","KS","66608"
"ERIN","Perch","6134 TYLER","Topeka","KS","66608"
"CARLOTA","Ambage","842 US","Topeka","KS","66608"
"LENA","Fullicks","8097 US HIGHWAY","Topeka","KS","66608"
"WARREN","HICKEL","3946 US HIGHWAY 24","Topeka","KS","66608"
"THERSA","Caughey","6610 VAIL","Topeka","KS","66608"
"MARGUERITA","BREDEWEG","5519 VAN BUREN","Topeka","KS","66608"
"YI","AYBAR","9374 VERISO","Topeka","KS","66608"
"MARGARITO","Kittles","463 WADDELL","Topeka","KS","66608"
"BETHANIE","DRIGGS","4315 WEST","Topeka","KS","66608"
"BRANDON","Burren","4994 WESTERN","Topeka","KS","66608"
"SHAY","Wogdon","6365 WILCOX","Topeka","KS","66608"
"GISELA","ELENBAAS","3100 WILLIAMS","Topeka","KS","66608"
"GRISEL","FARAONE","901 WINTER","Topeka","KS","66608"
"ROBYN","Bidgod","3152 13TH","Topeka","KS","66617"
"ALISSA","Tremblet","654 17TH","Topeka","KS","66617"
"DUNG","Berntsson","3169 21ST","Topeka","KS","66617"
"MAO","MUZZY","8665 27TH","Topeka","KS","66617"
"REY","Chavey","1904 31ST","Topeka","KS","66617"
"MIKA","FREDA","5453 35TH","Topeka","KS","66617"
"LAVONA","Bees","803 36TH","Topeka","KS","66617"
"YOLONDA","MALTAS","5508 37TH","Topeka","KS","66617"
"KIRSTIE","SWARTZBECK","792 38TH","Topeka","KS","66617"
"NORINE","ORILEY","1637 39TH","Topeka","KS","66617"
"JANETH","Jessel","1737 43RD","Topeka","KS","66617"
"LORRIANE","TOPLISS","1053 46TH","Topeka","KS","66617"
"EZEQUIEL","Goldster","4106 48TH","Topeka","KS","66617"
"CECILE","METELLUS","8388 50TH","Topeka","KS","66617"
"LORITA","Loynes","4196 54TH","Topeka","KS","66617"
"CASIE","LEM","3824 56TH","Topeka","KS","66617"
"ARDELLE","ARAGONES","2880 58TH","Topeka","KS","66617"
"HEATHER","FUSELIER","4485 59TH","Topeka","KS","66617"
"ARNETTE","Farleigh","6967 60TH","Topeka","KS","66617"
"ASA","GIBAS","1670 62ND","Topeka","KS","66617"
"TANISHA","CRINKLAW","5291 64TH","Topeka","KS","66617"
"RICKIE","GONYER","5085 66TH","Topeka","KS","66617"
"TRICIA","CARRIEDO","4913 70TH","Topeka","KS","66617"
"ELIZA","KORIA","2203 74TH","Topeka","KS","66617"
"CHANTEL","JANACEK","3040 78TH","Topeka","KS","66617"
"DEE","Cake","5147 82ND","Topeka","KS","66617"
"MARCENE","MORTEN","6569 86TH","Topeka","KS","66617"
"RUFUS","KORBIN","377 94TH","Topeka","KS","66617"
"MARVELLA","GOLEMBA","5092 ALLEN","Topeka","KS","66617"
"DANIELE","Norrington","7088 ANDERSON","Topeka","KS","66617"
"TONJA","Woodruff","7222 APPLEWOOD","Topeka","KS","66617"
"FELICITAS","Sutch","3621 ASHBY","Topeka","KS","66617"
"MILLARD","Poolton","9508 ASPEN","Topeka","KS","66617"
"LAMONT","KUDLEY","6271 BALDWIN","Topeka","KS","66617"
"ANTOINETTE","GHANAYEM","663 BARTON","Topeka","KS","66617"
"HARRIETT","Halvorsen","506 BRIAN","Topeka","KS","66617"
"LOLITA","FINNEL","5644 BURCHWOOD","Topeka","KS","66617"
"SEAN","ELAWAR","660 CALHOUN BLUFF","Topeka","KS","66617"
"JOELLA","STAINO","1324 CANYON","Topeka","KS","66617"
"ELDEN","Yegorkin","5694 CAPITOL VIEW","Topeka","KS","66617"
"VERNIA","Bysh","7332 CEDAR","Topeka","KS","66617"
"BIRGIT","O'Heaney","4625 CENTRAL","Topeka","KS","66617"
"ALDO","Pendreigh","6016 CHESTER","Topeka","KS","66617"
"BETHANN","SWEDLUND","5567 COACHLIGHT","Topeka","KS","66617"
"JILL","Helbeck","7771 COLLIER","Topeka","KS","66617"
"TYRON","Hintzer","9011 CORTEZ","Topeka","KS","66617"
"SAMARA","STEIGHNER","9662 CROCO","Topeka","KS","66617"
"HARRIETT","FAULDS","6636 DETLOR","Topeka","KS","66617"
"LAURALEE","Farlham","2643 DOGWOOD","Topeka","KS","66617"
"DOMINGA","Jammes","6850 EARLY","Topeka","KS","66617"
"KRISTIAN","Pray","6638 EDGEWOOD","Topeka","KS","66617"
"ANTOINE","VIVIER","8926 FAIRVIEW","Topeka","KS","66617"
"TRAN","OGAMI","6643 FERREDG","Topeka","KS","66617"
"DEBBI","NISONGER","7187 FOREST","Topeka","KS","66617"
"STEPHANIE","BUNGY","8765 GETTY","Topeka","KS","66617"
"GENOVEVA","HANBURY","3933 GLENWOOD","Topeka","KS","66617"
"CHONG","DUMBAR","4937 HALF MOON","Topeka","KS","66617"
"ADALINE","HELMSTETTER","4795 HAMILTON","Topeka","KS","66617"
"CELIA","DORNBOS","4267 HAPPY HOLLOW","Topeka","KS","66617"
"ROSALIA","Humburton","4900 HAVEN","Topeka","KS","66617"
"ULYSSES","Castiglioni","1378 HENDERSON","Topeka","KS","66617"
"ROCKY","HOWSON","933 HIGHWAY K4","Topeka","KS","66617"
"DARIN","HATT","3180 HILLTOP","Topeka","KS","66617"
"PEARLINE","FLAHARTY","6772 INDIAN CREEK","Topeka","KS","66617"
"YADIRA","SENN","2183 K%2D4","Topeka","KS","66617"
"RHEBA","BONNIE","3583 KANSA","Topeka","KS","66617"
"LUCAS","LAMOS","5583 KANSAS","Topeka","KS","66617"
"BOBBY","BETHEL","2929 KAW VALLEY","Topeka","KS","66617"
"VONDA","Hockell","2783 KAW VALLEY SCHOOL","Topeka","KS","66617"
"MCKENZIE","July","3810 KENDALL WOOD","Topeka","KS","66617"
"HALLIE","BALSON","4803 KIMBAL","Topeka","KS","66617"
"AMBERLY","LEAH","7677 KINCAID","Topeka","KS","66617"
"DAINE","DEMAREE","5001 KNOLL","Topeka","KS","66617"
"TRACI","BLAD","4757 LIGGETT","Topeka","KS","66617"
"VIRGIL","Tarburn","3245 LOMA","Topeka","KS","66617"
"TYRA","PERUN","1624 MAGNOLIA","Topeka","KS","66617"
"PAM","MIKOLAJCZAK","4812 MARGO","Topeka","KS","66617"
"DAREN","MROTEK","4813 MARPLE","Topeka","KS","66617"
"DUSTIN","Copeman","3945 MENNINGER","Topeka","KS","66617"
"BLAKE","Campana","6639 MERIDEN","Topeka","KS","66617"
"ANDERSON","PRECISE","3541 MILLER","Topeka","KS","66617"
"LAKESHA","LEFLER","3214 MIMOSA","Topeka","KS","66617"
"YOLANDE","Annear","9719 MONHOLLON","Topeka","KS","66617"
"SETH","Treuge","5169 NORTH HILLS","Topeka","KS","66617"
"SOPHIA","Guye","319 NORTHERN SKY","Topeka","KS","66617"
"GIUSEPPE","BENET","330 OAK","Topeka","KS","66617"
"DAPHNE","Riordan","737 OAK RIDGE","Topeka","KS","66617"
"ELLIOTT","LAMANA","4627 OAKWOOD","Topeka","KS","66617"
"JERE","BIBBER","5218 OLYMPIA","Topeka","KS","66617"
"VONNIE","Feore","582 PAGE","Topeka","KS","66617"
"ALAN","Yoseloff","7873 PINE","Topeka","KS","66617"
"CLARICE","PAEK","4163 PLEASANT HILLS","Topeka","KS","66617"
"DONNA","KALDAHL","9656 POSTAGE DUE","Topeka","KS","66617"
"NADIA","Larver","8820 QUINCY","Topeka","KS","66617"
"BRADLY","SETZLER","6688 REDBUD","Topeka","KS","66617"
"JANETT","Littlejohns","3187 REO","Topeka","KS","66617"
"KENNA","Middiff","5416 ROCHESTER","Topeka","KS","66617"
"BRETT","Briat","3302 ROCKAWAY","Topeka","KS","66617"
"MILES","WALTHER","7652 ROLYAN","Topeka","KS","66617"
"VINITA","CAFARO","9713 ROSEWOOD","Topeka","KS","66617"
"KAREEM","MADER","7998 RR 27","Topeka","KS","66617"
"GITA","RAWLS","8808 RR 5","Topeka","KS","66617"
"MAILE","Supple","9555 SANFORD","Topeka","KS","66617"
"JEANNE","Teacy","6373 SHAFFER","Topeka","KS","66617"
"MITZI","Starten","7653 SHERMAN","Topeka","KS","66617"
"ESTEFANA","Scholling","925 SILVER","Topeka","KS","66617"
"TREVA","EABY","1970 SOSIVA","Topeka","KS","66617"
"DORATHY","JEFFERS","4036 SPRING CREEK","Topeka","KS","66617"
"ALYSHA","EREBIA","8693 SPROATON","Topeka","KS","66617"
"MARGHERITA","ANTIS","3093 SPRUCE","Topeka","KS","66617"
"RUEBEN","LILL","1110 STATE ROAD K4","Topeka","KS","66617"
"EULA","CRAIGUE","4017 SUNNY KNOLL","Topeka","KS","66617"
"MELODI","PALEK","7731 SUSIE","Topeka","KS","66617"
"KARRI","Mathis","1983 TAMBLYN","Topeka","KS","66617"
"NOLAN","REIGSTAD","8678 TANTARA","Topeka","KS","66617"
"VELLA","SCHOENHUT","8913 TOPEKA","Topeka","KS","66617"
"CARMINA","HINKEL","7234 TOWER","Topeka","KS","66617"
"OLEVIA","PESANTES","1116 TRENTON","Topeka","KS","66617"
"BRITT","SICILIA","6581 US HIGHWAY 24","Topeka","KS","66617"
"JOAN","BLENKER","458 VAN BUREN","Topeka","KS","66617"
"EMELY","Tarpey","7860 WABASH","Topeka","KS","66617"
"ERMELINDA","HEINTZ","7109 WALLACE","Topeka","KS","66617"
"MARTINE","GREGGS","7416 WALNUT","Topeka","KS","66617"
"KYONG","HOPPER","7188 WALNUT GROVE","Topeka","KS","66617"
"LYNWOOD","McGrory","6808 WENONAH","Topeka","KS","66617"
"DREAMA","LEGROTTE","6658 WESTBROOKE","Topeka","KS","66617"
"ARDEN","Ricks","6674 WHITESIDE","Topeka","KS","66617"
"EDDA","Slinger","7673 WIDIGAN","Topeka","KS","66617"
"ELDEN","BENNE","1426 WILDER","Topeka","KS","66617"
"LAKEESHA","Bexon","6171 1ST","Topeka","KS","66606"
"LAYNE","Gane","7696 2ND","Topeka","KS","66606"
"GABRIEL","Billion","9721 3RD","Topeka","KS","66606"
"SUZETTE","TAJ","8791 4TH","Topeka","KS","66606"
"ELINOR","SWINGER","2910 5TH","Topeka","KS","66606"
"DEBORAH","STANCZAK","3590 6TH","Topeka","KS","66606"
"RUBIE","Heinemann","1016 7TH","Topeka","KS","66606"
"REY","O'Feeny","7065 8TH","Topeka","KS","66606"
"NADA","CARAWAY","8248 9TH","Topeka","KS","66606"
"ROBIN","RENKEN","3302 ANDERSON","Topeka","KS","66606"
"MANA","CASALES","263 ARLINGTON","Topeka","KS","66606"
"JODIE","BOUSSON","8330 AUBURNDALE","Topeka","KS","66606"
"MARGARITO","BELLFLOWER","4036 BELVOIR","Topeka","KS","66606"
"RIVA","KOLTZ","2392 BERWICK","Topeka","KS","66606"
"RIA","STERETT","1929 BRENTWOOD","Topeka","KS","66606"
"RANDA","Kensitt","2442 BROADMOOR","Topeka","KS","66606"
"NIKOLE","STANDIFUR","7308 BUCHANAN","Topeka","KS","66606"
"WILLIE","OTIZ","5450 CAMBRIDGE","Topeka","KS","66606"
"DIEGO","Dudderidge","3946 CEDAR CREST","Topeka","KS","66606"
"ELMO","WEIDA","7753 CHEROKEE","Topeka","KS","66606"
"RUTHANNE","HORNISH","7230 CIRCLE","Topeka","KS","66606"
"GRADY","SAMELE","5766 CIRCLE N","Topeka","KS","66606"
"KOURTNEY","MOSBY","8012 CLAY","Topeka","KS","66606"
"TANNER","MANGAN","5312 COLLEGE","Topeka","KS","66606"
"DOUG","Cohane","8311 CONSERVATORY","Topeka","KS","66606"
"AMMIE","FOSLER","1989 COURTLAND","Topeka","KS","66606"
"APOLONIA","Tottie","5216 CREST","Topeka","KS","66606"
"LASANDRA","LOSACCO","2153 CROSS","Topeka","KS","66606"
"CARLINE","CAMISA","5190 DANBURY","Topeka","KS","66606"
"JOYE","KIGHTLINGER","9382 DUANE","Topeka","KS","66606"
"ARGELIA","HENSON","8787 EAST CIRCLE","Topeka","KS","66606"
"ELKE","MINCEY","1631 EDGEWOOD","Topeka","KS","66606"
"LAURYN","Petrelluzzi","2328 ELMWOOD","Topeka","KS","66606"
"CHUNG","Slinn","7703 EMLAND","Topeka","KS","66606"
"BENNIE","GARREH","7828 FAIRLAWN","Topeka","KS","66606"
"JULE","QUAID","5058 FILLMORE","Topeka","KS","66606"
"ABBIE","FUDE","8563 FRANKLIN","Topeka","KS","66606"
"OLETA","HANNAM","5257 FRAZIER","Topeka","KS","66606"
"YEE","FRITSCH","4169 FRONT","Topeka","KS","66606"
"SHERYL","HONGA","7633 GAGE","Topeka","KS","66606"
"LYLE","Whitehall","411 GAGE COURT","Topeka","KS","66606"
"LEONIA","NAILL","7914 GARFIELD","Topeka","KS","66606"
"LANNIE","VECELLIO","609 GLENDALE","Topeka","KS","66606"
"OREN","Rossetti","6654 GLENN","Topeka","KS","66606"
"WHITLEY","LESSIG","3116 GOVERNOR","Topeka","KS","66606"
"EVELINA","DEVARA","336 GRAND","Topeka","KS","66606"
"KATHY","Fidoe","1372 GRANDVIEW","Topeka","KS","66606"
"TERI","BECKA","3587 GREENWOOD","Topeka","KS","66606"
"EARTHA","WOLFARD","8268 GROVE","Topeka","KS","66606"
"FRED","Valenta","6503 HARVEY","Topeka","KS","66606"
"HENRIETTE","BRUNECZ","9442 HAWTHORNE","Topeka","KS","66606"
"JOSEFINE","STOVIAK","4823 HAZELTON","Topeka","KS","66606"
"HOSEA","THORSTENSON","9386 HEDGEWOOD","Topeka","KS","66606"
"EMMIE","KOHLER","1360 HIGH","Topeka","KS","66606"
"ANTIONETTE","BIVIANO","8124 HILL","Topeka","KS","66606"
"TESSIE","LEIDEL","4497 HORNE","Topeka","KS","66606"
"BUFFY","MARMON","1764 JEWELL","Topeka","KS","66606"
"DANNIE","KOSTER","6826 KANZA","Topeka","KS","66606"
"PEARLY","Ghelardoni","6441 KENDALL","Topeka","KS","66606"
"KIP","FLESHNER","7268 KENILWORTH","Topeka","KS","66606"
"OLIVA","Sparks","9623 KENOVA","Topeka","KS","66606"
"SHAWANNA","MICHELINI","3775 KENSINGTON","Topeka","KS","66606"
"CODI","Wimmer","3786 KENT","Topeka","KS","66606"
"OPAL","CHOULES","5976 KNOX","Topeka","KS","66606"
"MARIA","YANDURA","8027 LANE","Topeka","KS","66606"
"MARYA","Oglethorpe","7313 LINCOLN","Topeka","KS","66606"
"NELIDA","KLOSTER","232 LINDENWOOD","Topeka","KS","66606"
"DELL","HUBA","8223 LOUISE","Topeka","KS","66606"
"JULI","Iacopo","8534 MACVICAR","Topeka","KS","66606"
"MARVIN","WILE","4942 MARSHALL","Topeka","KS","66606"
"MARISELA","BAUMGARTNER","7789 MARTIN","Topeka","KS","66606"
"SOFIA","WETHINGTON","2875 MEADOW","Topeka","KS","66606"
"LARHONDA","ZARILLO","742 MEDFORD","Topeka","KS","66606"
"SHERI","SESSO","7129 MIFFLIN","Topeka","KS","66606"
"AUNDREA","WHISTON","5200 MORNINGSIDE","Topeka","KS","66606"
"TOMAS","BANSE","6741 MULVANE","Topeka","KS","66606"
"TY","FANKHAUSER","4860 NAISMITH","Topeka","KS","66606"
"BRITTANEY","SCARGALL","8700 OAKLEY","Topeka","KS","66606"
"LIDIA","Pietruszka","1405 ORCHARD","Topeka","KS","66606"
"THOMASINE","SALONIA","5986 ORLEANS","Topeka","KS","66606"
"BRADFORD","Wilbore","6930 PARK","Topeka","KS","66606"
"TANDRA","Lumsdale","8955 PARKVIEW","Topeka","KS","66606"
"RONALD","MacParlan","3942 PINEHURST","Topeka","KS","66606"
"KETURAH","PINHEIRO","4840 PLASS","Topeka","KS","66606"
"MARCELINA","LAMPO","4011 PORTER","Topeka","KS","66606"
"TAWNYA","Roff","7340 PRAIRIE","Topeka","KS","66606"
"LIZ","TESLOW","247 QUINTON","Topeka","KS","66606"
"MARIE","Rohmer","1686 RANDOLPH","Topeka","KS","66606"
"MONTY","STRAZZULLO","9205 REDBUD","Topeka","KS","66606"
"ZELMA","ESPINOZA","4492 REYNOLDS","Topeka","KS","66606"
"DAISEY","Shaxby","1676 ROBINSON","Topeka","KS","66606"
"CONNIE","LOFTHOUSE","501 ROOSEVELT","Topeka","KS","66606"
"LALA","Eshmade","4038 SALINE","Topeka","KS","66606"
"SHANTE","GREENLIEF","4750 SECURITY BENEFIT","Topeka","KS","66606"
"LISA","HETU","7773 SPORT CENTER","Topeka","KS","66606"
"AKIKO","THOENE","648 STONEGATE","Topeka","KS","66606"
"RANDA","Lademann","2615 STORY","Topeka","KS","66606"
"TOMIKO","BRINE","9614 SUMMIT","Topeka","KS","66606"
"JUSTIN","Metzing","578 THE","Topeka","KS","66606"
"SAMUAL","Pollastro","756 TUFFY KELLOGG","Topeka","KS","66606"
"ARON","FADEL","3550 VESPER","Topeka","KS","66606"
"SHALONDA","PFLIEGER","8338 WAITE","Topeka","KS","66606"
"NORINE","STORMO","1504 WALKER","Topeka","KS","66606"
"LU","Callis","1292 WANAMAKER","Topeka","KS","66606"
"VALERY","Paulmann","1750 WARREN","Topeka","KS","66606"
"LIN","ALSTON","569 WASHBURN","Topeka","KS","66606"
"TIMMY","CREDELL","6797 WATER WORKS","Topeka","KS","66606"
"TERRA","Folomin","649 WATSON","Topeka","KS","66606"
"HESTER","McMenamie","1760 WAYNE","Topeka","KS","66606"
"REY","BERFIELD","6060 WEBSTER","Topeka","KS","66606"
"KARIE","BREDY","3205 WEST","Topeka","KS","66606"
"SONDRA","GOODRICK","8303 WEST HILLS","Topeka","KS","66606"
"MARQUIS","Bettridge","9464 WESTCHESTER","Topeka","KS","66606"
"DONOVAN","BIERMANN","242 WESTERN","Topeka","KS","66606"
"MEAGAN","SHARMA","1728 WHITEHALL","Topeka","KS","66606"
"WANETTA","SCHUTT","1397 WILLOW","Topeka","KS","66606"
"ELIZABETH","GROSCH","4253 WILMINGTON","Topeka","KS","66606"
"ANGELLA","MANES","8499 WOODBRIDGE","Topeka","KS","66606"
"TONY","Elintune","4797 WOODBURY","Topeka","KS","66606"
"JOHNETTE","CARWELL","6076 WOODLAWN","Topeka","KS","66606"
"TINY","MANTANONA","3498 YORKSHIRE","Topeka","KS","66606"
"KATHERINA","LAMBERT","7749 ZOO","Topeka","KS","66606"
"YOSHIKO","KARSH","683 21ST","Topeka","KS","66605"
"JANIS","ZALTZ","5444 22ND","Topeka","KS","66605"
"LEONTINE","Tooze","3306 23RD","Topeka","KS","66605"
"RODGER","NICKENS","3021 24TH","Topeka","KS","66605"
"KRISTEN","LEVANGER","7043 25TH","Topeka","KS","66605"
"HOLLIE","Wilkowski","7974 26TH","Topeka","KS","66605"
"COREEN","Swetenham","3123 27TH","Topeka","KS","66605"
"TANGELA","Kiera","5404 28TH","Topeka","KS","66605"
"IRENA","COLCLASURE","5877 29TH","Topeka","KS","66605"
"LANIE","DESIGA","5254 30TH","Topeka","KS","66605"
"MACHELLE","ROWLS","7391 31ST","Topeka","KS","66605"
"KARA","WERNEX","541 32ND","Topeka","KS","66605"
"DARREL","Renault","6344 33RD","Topeka","KS","66605"
"BRANDON","Carmel","7252 34TH","Topeka","KS","66605"
"ANNMARIE","KROUGH","1276 35TH","Topeka","KS","66605"
"SOLOMON","BLEICHNER","6818 36TH","Topeka","KS","66605"
"MAGARET","HEINLY","7602 37TH","Topeka","KS","66605"
"DEBROAH","DESAUTEL","3772 ADAMS","Topeka","KS","66605"
"JACQUALINE","Tampion","497 ALAMAR","Topeka","KS","66605"
"LENARD","Dellenbrok","5798 ALEXANDER","Topeka","KS","66605"
"MYESHA","JARRETT","1722 ALLEN","Topeka","KS","66605"
"DELICIA","NEGRANA","5815 AQUARIUS","Topeka","KS","66605"
"SHERISE","Tatteshall","7117 ARBOR","Topeka","KS","66605"
"LAKEISHA","ROSENER","8682 ARIES","Topeka","KS","66605"
"ANNALISA","Rheubottom","810 ASHLEY","Topeka","KS","66605"
"DELTA","METZER","2619 ASPEN","Topeka","KS","66605"
"MOISES","OPRAY","4118 BALDWIN","Topeka","KS","66605"
"AMEE","MOZEE","6142 BELHAZE","Topeka","KS","66605"
"KATHLYN","Phillps","461 BELLVIEW","Topeka","KS","66605"
"KIMBERLY","VANGELOS","9655 BENNETT","Topeka","KS","66605"
"TONI","Robbey","5175 BLAIR","Topeka","KS","66605"
"KARINE","Di Biasi","1885 BRYANT","Topeka","KS","66605"
"MARYAM","CIERPKE","6792 BUCKEYE","Topeka","KS","66605"
"BERTRAM","MORETTO","8838 BURR","Topeka","KS","66605"
"HEATH","LUGER","6664 BURTON","Topeka","KS","66605"
"KARISSA","Phillp","438 CALIFORNIA","Topeka","KS","66605"
"MELODI","MACHEN","4267 CAPITOL VIEW","Topeka","KS","66605"
"JANNA","STALLARD","7710 CAPRICORN","Topeka","KS","66605"
"VERENA","CATON","2863 CARNAHAN","Topeka","KS","66605"
"TESHA","TRYBUS","8690 CEDARWOOD","Topeka","KS","66605"
"FRED","Barkus","5987 COLFAX","Topeka","KS","66605"
"STEPHINE","WARRIOR","4014 COLONIAL","Topeka","KS","66605"
"ETHAN","EATON","3857 COLORADO","Topeka","KS","66605"
"KIMBERY","Pakenham","1872 CONERNEY","Topeka","KS","66605"
"ISAURA","Schruur","5384 CONNIE","Topeka","KS","66605"
"JULES","Meadows","2223 CRESTWATER","Topeka","KS","66605"
"KAREN","ZAMARRIPA","7428 CROCO","Topeka","KS","66605"
"KATRICE","DEFUSCO","100 CUNNINGHAM","Topeka","KS","66605"
"ELMER","Nicolls","4684 CUVIER","Topeka","KS","66605"
"BUDDY","BAINES","8532 DAVIES","Topeka","KS","66605"
"GILMA","Vazquez","6841 DOWNING","Topeka","KS","66605"
"STARLA","MADRON","4535 DRIFTWOOD","Topeka","KS","66605"
"VIVIANA","HAYDT","5571 DUPONT","Topeka","KS","66605"
"TIERA","GRAV","2607 EAST EDGE","Topeka","KS","66605"
"MARLENA","GLADIN","8811 EDGE","Topeka","KS","66605"
"TIARA","Asif","1984 EMERSON","Topeka","KS","66605"
"LEE","LOSARDO","1251 EVENINGTIDE","Topeka","KS","66605"
"DOMINIQUE","BARKENHAGEN","1765 FAIR MEADOWS","Topeka","KS","66605"
"EMERALD","TRUNNELL","1153 FAXON","Topeka","KS","66605"
"CORNELL","FAVIERI","4394 FLORA","Topeka","KS","66605"
"RAEANN","Wholesworth","2319 FREMONT","Topeka","KS","66605"
"FAUSTINA","Francombe","9592 GARDEN","Topeka","KS","66605"
"KERRY","MACALLISTER","8959 GEMINI","Topeka","KS","66605"
"JI","Bendare","6917 GILMORE","Topeka","KS","66605"
"JANITA","ZECCHINI","3421 GIRARD","Topeka","KS","66605"
"DORTHY","SANDEFER","6419 GLENSIDE","Topeka","KS","66605"
"CRISTAL","SARTORIUS","212 GOLDEN","Topeka","KS","66605"
"KIRSTIE","Lambertazzi","2265 GOLF PARK","Topeka","KS","66605"
"YEE","Berggren","4246 GRANGER","Topeka","KS","66605"
"KAYLEE","Bradock","4276 GREENFIELD","Topeka","KS","66605"
"GLENNA","KATTAN","566 GREENWOOD","Topeka","KS","66605"
"MICHELE","IRAHETA","8868 HACKBERRY","Topeka","KS","66605"
"GALEN","Fernyhough","4235 HIGHLAND","Topeka","KS","66605"
"KAMI","HAMMERSLEY","4428 HOWARD","Topeka","KS","66605"
"CARL","KNAPKE","4371 HUMBOLDT","Topeka","KS","66605"
"BENJAMIN","CLITES","9075 HUMMER","Topeka","KS","66605"
"MERLENE","PIERZCHALA","1988 ILLINOIS","Topeka","KS","66605"
"KARREN","Aldgate","8579 INDIANA","Topeka","KS","66605"
"ANGELA","Fullerlove","1305 IOWA","Topeka","KS","66605"
"ALLINE","Tefft","1618 IRVINGHAM","Topeka","KS","66605"
"BIRGIT","Dockerty","983 ISLAND","Topeka","KS","66605"
"JI","FIESEL","5265 JEFFERSON","Topeka","KS","66605"
"ASHLI","GARB","3306 JOHN","Topeka","KS","66605"
"RAFAELA","ZANELLA","2286 KANSAS","Topeka","KS","66605"
"BRYNN","Yeardsley","5431 KENTUCKY","Topeka","KS","66605"
"LUBA","PUMPHERY","3459 KEYSTONE","Topeka","KS","66605"
"CELENA","Budgen","4195 LAKE","Topeka","KS","66605"
"JAYME","Osipov","498 LAKERIDGE","Topeka","KS","66605"
"AURELIA","Brilon","1864 LAKESHORE","Topeka","KS","66605"
"ROSENA","MONTAGUE","6789 LAKEWOOD","Topeka","KS","66605"
"JULI","MEZYDLO","3611 LEO","Topeka","KS","66605"
"HULDA","Hearmon","7807 LIBRA","Topeka","KS","66605"
"DIEGO","Finey","4111 LONG","Topeka","KS","66605"
"MARIKO","WEABER","8613 LOTT","Topeka","KS","66605"
"BERTRAM","KEEFAUVER","1710 MADISON","Topeka","KS","66605"
"SUSANNAH","McGrale","3229 MARETA","Topeka","KS","66605"
"SONA","ESMOND","6456 MARKET","Topeka","KS","66605"
"MARAGARET","MANSOUR","4297 MARS","Topeka","KS","66605"
"LENA","GEBBIA","2723 MARYLAND","Topeka","KS","66605"
"ALIDA","BARINO","8319 MASSACHUSETTS","Topeka","KS","66605"
"LYNDIA","Aronovich","8278 MEADOWVIEW","Topeka","KS","66605"
"KELVIN","Stickland","4395 MERCURY","Topeka","KS","66605"
"CRYSTA","LANZARIN","7996 MICHIGAN","Topeka","KS","66605"
"LON","Moffat","2031 MINNESOTA","Topeka","KS","66605"
"VERDIE","Popland","5664 MONROE","Topeka","KS","66605"
"AL","WILLY","3041 MORRISON","Topeka","KS","66605"
"ORLANDO","Lye","6496 NEPTUNE","Topeka","KS","66605"
"MARION","STANLEY","8097 OAKWOOD","Topeka","KS","66605"
"THERON","EISENHAVER","7876 OHIO","Topeka","KS","66605"
"TAM","VANELLA","3199 PARK LANE","Topeka","KS","66605"
"YI","WEISSBRODT","5448 PAULEN","Topeka","KS","66605"
"DANA","Stansell","2817 PEACE","Topeka","KS","66605"
"CLAUDE","REGINA","7199 PECK","Topeka","KS","66605"
"ANGLE","SOLTOW","2782 PENNSYLVANIA","Topeka","KS","66605"
"SHANEKA","Lodder","6459 PINECREST","Topeka","KS","66605"
"ALFONSO","TARPEY","3470 PIONEER","Topeka","KS","66605"
"HASSAN","CARRITHERS","1471 PISCES","Topeka","KS","66605"
"ROWENA","TENHARMSEL","9607 PLACID","Topeka","KS","66605"
"DIANA","KERCHEFF","6226 PO BOX","Topeka","KS","66605"
"LUCI","Schwartz","6475 POWELL","Topeka","KS","66605"
"TENNILLE","MACARTNEY","4175 QUINCY","Topeka","KS","66605"
"THERESSA","OCHOCKI","8879 RR 20","Topeka","KS","66605"
"CHRISSY","MYSLIM","3182 SAGE","Topeka","KS","66605"
"JACQUELYNE","KUNST","9350 SAGIS","Topeka","KS","66605"
"JUDIE","CARMANY","1658 SAGITTARIUS","Topeka","KS","66605"
"SHEREE","RINGLAND","2813 SATURN","Topeka","KS","66605"
"COREEN","BRACK","1617 SCORPIO","Topeka","KS","66605"
"WILDA","WETTERAUER","3451 SHAWNEE","Topeka","KS","66605"
"JAE","GALLUCCIO","1361 SHORELINE","Topeka","KS","66605"
"SHONTA","MCMILLIAN","740 SHOREWOOD","Topeka","KS","66605"
"LETICIA","FETTERS","3468 SKYLARK","Topeka","KS","66605"
"WENDELL","MAYBERRY","1766 SKYVIEW","Topeka","KS","66605"
"KIRSTIE","Idwal Evans","3384 SPRUCE","Topeka","KS","66605"
"MICHELE","SZESTERNIAK","4741 STARLITE","Topeka","KS","66605"
"FLORINE","SLAWTER","6695 SWYGART","Topeka","KS","66605"
"LASHAY","Huburn","326 TAURUS","Topeka","KS","66605"
"CASSIDY","Lysaght","1462 TIDEWATER","Topeka","KS","66605"
"JENINE","GESKE","374 TINMAN","Topeka","KS","66605"
"LETICIA","KEITHLY","8480 TOMAHAWK","Topeka","KS","66605"
"YAEKO","LUMLEY","6637 TRAVIS","Topeka","KS","66605"
"CHASTITY","AZOR","9688 TRUMAN","Topeka","KS","66605"
"GLYNIS","SHAFI","4890 TURNPIKE","Topeka","KS","66605"
"TUAN","HELGAGER","775 VIRGINIA","Topeka","KS","66605"
"ABE","FOPPE","3366 VIRGO","Topeka","KS","66605"
"JONIE","CARMELLA","7567 WALNUT","Topeka","KS","66605"
"FRIDA","Wickson","4993 WATERS EDGE","Topeka","KS","66605"
"HELENE","Ensor","1662 WEST EDGE","Topeka","KS","66605"
"ADAN","GRAW","5660 WINSTON","Topeka","KS","66605"
"CAITLYN","SCHNIBBE","1714 WISCONSIN","Topeka","KS","66605"
"ERA","Gorman","8783 WITTENBERG","Topeka","KS","66605"
"KEREN","Tupp","6866 10TH","Topeka","KS","66604"
"SARI","Glamart","7199 11TH","Topeka","KS","66604"
"MARQUITA","PROVINO","9030 12TH","Topeka","KS","66604"
"ALEC","Krishtopaittis","8821 13TH","Topeka","KS","66604"
"JONG","KORNHAUSER","2800 14TH","Topeka","KS","66604"
"SHANON","Kennler","4282 15TH","Topeka","KS","66604"
"LYNDSAY","LAZARE","7494 16TH","Topeka","KS","66604"
"JOEL","Battelle","3263 17TH","Topeka","KS","66604"
"EMILEE","BANGLE","3248 18TH","Topeka","KS","66604"
"BRITTANI","SADE","3478 19TH","Topeka","KS","66604"
"LILIANA","Blowers","9051 20TH","Topeka","KS","66604"
"REFUGIA","HEGLAR","7325 21ST","Topeka","KS","66604"
"ALMA","CLAVETTE","4396 AMHURST","Topeka","KS","66604"
"RASHEEDA","BILEK","6372 ARNOLD","Topeka","KS","66604"
"ALAINA","DYMENT","4067 ARROWHEAD","Topeka","KS","66604"
"CHARISSE","TRISLER","9036 ASHWORTH","Topeka","KS","66604"
"LAVELLE","PARKINS","8694 ATWOOD","Topeka","KS","66604"
"LORIE","Soall","7386 AVALON","Topeka","KS","66604"
"ANGLEA","LARAWAY","3713 BELLE","Topeka","KS","66604"
"SHENA","GOURDINE","3078 BELMONT","Topeka","KS","66604"
"GENNIE","Mary","4482 BILLARD","Topeka","KS","66604"
"EZEKIEL","Godball","2949 BIRCHWOOD","Topeka","KS","66604"
"KIMBERLIE","AMARANTE","1550 BOSWELL","Topeka","KS","66604"
"WES","KANOFF","1400 BOWMAN","Topeka","KS","66604"
"ROSARIO","Gilbey","6256 BRUNSWICK","Topeka","KS","66604"
"ISSAC","AGREDANO","9118 BUCHANAN","Topeka","KS","66604"
"DUSTY","JOURNEY","5099 BURNETT","Topeka","KS","66604"
"MADALINE","MEULEMANS","2079 BYRON","Topeka","KS","66604"
"BERTA","LHEUREUX","2303 CAMBRIDGE","Topeka","KS","66604"
"LORELEI","TILLIE","7205 CAMDEN","Topeka","KS","66604"
"JERI","DALMAU","1311 CAMPBELL","Topeka","KS","66604"
"SIERRA","HAGEN","1199 CANTERBURY","Topeka","KS","66604"
"CLEO","STUNKARD","6122 CARLSON","Topeka","KS","66604"
"CELINDA","Firle","3724 CENTRAL PARK","Topeka","KS","66604"
"JENNELL","Eastcourt","9389 CHATHAM","Topeka","KS","66604"
"LUPE","WAGONER","8245 CHELSEA","Topeka","KS","66604"
"ALIA","MALAKAN","1776 CHEYENNE","Topeka","KS","66604"
"CARYLON","HEATH","8836 CHEYENNE HILLS","Topeka","KS","66604"
"DORENE","SAMAYOA","9356 CHURCHILL","Topeka","KS","66604"
"FANNIE","Hriinchenko","2683 CLARK","Topeka","KS","66604"
"RIKKI","MILHOLLAND","7254 CLAY","Topeka","KS","66604"
"ANN","Mackison","8795 COLLEGE","Topeka","KS","66604"
"DREAMA","Ringwood","5823 COLLINS","Topeka","KS","66604"
"NOVELLA","Hinckley","7510 COTTONWOOD","Topeka","KS","66604"
"LILLY","CREGGETT","9463 CREST","Topeka","KS","66604"
"CARROLL","Clarke","3583 DARTMOOR","Topeka","KS","66604"
"SHASTA","BROWNFIELD","8300 DORR","Topeka","KS","66604"
"ALMETA","Salliere","337 DOUTHITT","Topeka","KS","66604"
"VERDA","HATCHEL","7991 DRURY","Topeka","KS","66604"
"MARICELA","Smallbone","6178 EDEN","Topeka","KS","66604"
"WANITA","VANHOUTEN","8845 EDGEWATER","Topeka","KS","66604"
"ALEEN","ZIDEK","4765 EXMOOR","Topeka","KS","66604"
"HARRIET","Drewell","5921 FAIRLAWN","Topeka","KS","66604"
"LEONORA","MATHERSON","8775 FAIRMONT","Topeka","KS","66604"
"ALBERTINE","BELUE","1034 FILLMORE","Topeka","KS","66604"
"JONAS","Abrey","6430 FIRST AMERICAN","Topeka","KS","66604"
"LIZZETTE","RILEY","3712 FLEMING","Topeka","KS","66604"
"RANA","Blaiklock","3976 FRAZIER","Topeka","KS","66604"
"SHARILYN","Marjanski","7370 GAGE","Topeka","KS","66604"
"JANIS","Greiser","2347 GAGE CENTER","Topeka","KS","66604"
"KIP","SAWCHUK","5030 GARFIELD","Topeka","KS","66604"
"CESAR","Stavers","9544 GLENDALE","Topeka","KS","66604"
"TIESHA","PERISH","7404 GREEN ACRES","Topeka","KS","66604"
"YEVETTE","MCCAMEY","2784 HAMERENS","Topeka","KS","66604"
"JOSIAH","YEATER","9487 HAMPTON","Topeka","KS","66604"
"BOOKER","OHM","4563 HARLAND","Topeka","KS","66604"
"LAVONNE","QUAKENBUSH","7815 HARVEY","Topeka","KS","66604"
"NICKI","THULL","6834 HIGH","Topeka","KS","66604"
"DESIRE","Schouthede","9274 HILLSDALE","Topeka","KS","66604"
"PING","Rohlfing","3685 HOLLY","Topeka","KS","66604"
"ADELIA","Van Brug","4925 HOPE","Topeka","KS","66604"
"FELICE","SODERLING","9388 HORNE","Topeka","KS","66604"
"ADELINE","BONNOITT","2356 HUNTOON","Topeka","KS","66604"
"KERMIT","MORALIS","1843 INDIAN","Topeka","KS","66604"
"ORA","Laughrey","1499 INDIAN TRAIL","Topeka","KS","66604"
"DRUCILLA","ENCALLADO","8017 JAMES","Topeka","KS","66604"
"CARY","Gregoraci","5351 JANE","Topeka","KS","66604"
"JOSELYN","Robichon","6952 JEWELL","Topeka","KS","66604"
"SHARELL","Christofor","4914 KENT","Topeka","KS","66604"
"CLARA","SMEBY","7845 LAKESIDE","Topeka","KS","66604"
"ELMIRA","Eskell","300 LANCASTER","Topeka","KS","66604"
"SHARIKA","WESTFAHL","5750 LANE","Topeka","KS","66604"
"HEATHER","TASMA","2107 LEE","Topeka","KS","66604"
"MATILDE","Huggan","8358 LILLY","Topeka","KS","66604"
"CAROLA","GAZAILLE","5963 LINCOLN","Topeka","KS","66604"
"BRANDA","BUESING","8224 MACVICAR","Topeka","KS","66604"
"ELMA","BRACK","7158 MCALISTER","Topeka","KS","66604"
"DOUGLAS","SCHAN","4598 MEADOW","Topeka","KS","66604"
"CHRISTIA","Scaice","1440 MEDFORD","Topeka","KS","66604"
"NORMAN","SHALWANI","645 MIFFLIN","Topeka","KS","66604"
"TRUDI","PARMLEY","5698 MISSION","Topeka","KS","66604"
"MARICELA","LOSHE","1903 MORNA","Topeka","KS","66604"
"MAIA","KIERCE","6875 MOUNDVIEW","Topeka","KS","66604"
"YUNG","DEDECKER","4424 MULVANE","Topeka","KS","66604"
"JENNINE","LAGUNA","8878 MUNSON","Topeka","KS","66604"
"DORTHY","Kaveney","9601 NAVAJO","Topeka","KS","66604"
"BEAULAH","CHALIFOUX","6508 NEW FOREST","Topeka","KS","66604"
"KELLI","Pele","5440 OAKLEY","Topeka","KS","66604"
"FRANCINA","WYKES","2916 ORLEANS","Topeka","KS","66604"
"MICHIKO","Weyland","3112 OSBORNE","Topeka","KS","66604"
"TOMMIE","BECKERDITE","4544 PARKVIEW","Topeka","KS","66604"
"LAN","Hannabus","9729 PEMBROKE","Topeka","KS","66604"
"LIEN","LAVENE","6991 PLASS","Topeka","KS","66604"
"ELIZA","Whanstall","7328 PO BOX","Topeka","KS","66604"
"ALDA","KOTRYS","8270 PRAIRIE","Topeka","KS","66604"
"CLEORA","SUE","6389 QUIVIRA","Topeka","KS","66604"
"JOHN","Brehaut","3788 RANDOLPH","Topeka","KS","66604"
"ARCELIA","Hogben","1183 REEDER","Topeka","KS","66604"
"HAZEL","ROKOS","3090 REGENCY PARKWAY","Topeka","KS","66604"
"ADOLFO","LAFACE","2007 ROBINSON","Topeka","KS","66604"
"SHANDRA","NAKASHIMA","9421 SALINE","Topeka","KS","66604"
"DEANGELO","KONIG","3281 SEABROOK","Topeka","KS","66604"
"RILEY","GUICHARD","8566 SENA","Topeka","KS","66604"
"ARIANA","Book","2705 SHADOW","Topeka","KS","66604"
"ROMEO","KUBAN","3629 SIMS","Topeka","KS","66604"
"DONELLA","Guppy","2772 SOWERS","Topeka","KS","66604"
"LAVONA","Yitzovicz","3766 STAFFORD","Topeka","KS","66604"
"LINCOLN","STROMQUIST","4144 STEEPLE CHASE","Topeka","KS","66604"
"CARIN","Fairnington","3003 STERLING","Topeka","KS","66604"
"SHARAN","DUBIE","7339 STONE","Topeka","KS","66604"
"EARLEEN","KALTVED","4270 STRATFORD","Topeka","KS","66604"
"LAINE","Emery","8388 SUNFLOWER","Topeka","KS","66604"
"CLEOPATRA","KODA","8549 SUNSET","Topeka","KS","66604"
"WILLENA","ANGIOLELLI","698 THROOP","Topeka","KS","66604"
"CONSUELO","O'Mohun","7107 TIMOR","Topeka","KS","66604"
"NGUYET","BENNES","153 VILLAGE","Topeka","KS","66604"
"BEATRICE","HASELHORST","2842 WANAMAKER","Topeka","KS","66604"
"LORRINE","SHINA","5671 WARD","Topeka","KS","66604"
"ALIX","KURALT","5959 WARNER","Topeka","KS","66604"
"VALERIE","BINDERUP","8166 WARREN","Topeka","KS","66604"
"SHAUNA","SCOVELL","6923 WASHBURN","Topeka","KS","66604"
"JEROME","Fairlem","1730 WATSON","Topeka","KS","66604"
"ZOFIA","SOVA","1658 WAYNE","Topeka","KS","66604"
"WILLENE","GHOLAR","7556 WEBSTER","Topeka","KS","66604"
"ARMIDA","McIlwrick","4898 WESTBORO","Topeka","KS","66604"
"AN","Jowle","3508 WESTERN","Topeka","KS","66604"
"AMI","LOFSTROM","3941 WESTOVER","Topeka","KS","66604"
"HANNELORE","Ainsby","2768 WESTPORT","Topeka","KS","66604"
"ARTURO","Burdess","9115 WESTWOOD","Topeka","KS","66604"
"MIMI","SHERFIELD","2711 WINDING","Topeka","KS","66604"
"ROSEMARY","WINNEN","2945 WINDSOR","Topeka","KS","66604"
"EBONI","Abarough","6435 WOODHULL","Topeka","KS","66604"
"LIBERTY","METELUS","4163 WOODWARD","Topeka","KS","66604"
"RON","VANDERBECK","1404 YORK","Topeka","KS","66604"
"DONALD","DESIATO","3481 37TH","Topeka","KS","66609"
"ELENA","REDLE","1304 38TH","Topeka","KS","66609"
"MEI","Lynett","3856 39TH","Topeka","KS","66609"
"LETTY","Depper","6300 40TH","Topeka","KS","66609"
"KEESHA","Baggallay","513 41ST","Topeka","KS","66609"
"VENUS","Vyel","5686 42ND","Topeka","KS","66609"
"ELTON","KREIS","680 43RD","Topeka","KS","66609"
"KIMBER","PRAKASH","8745 44TH","Topeka","KS","66609"
"RICK","Streeting","6972 45TH","Topeka","KS","66609"
"CYRIL","FUELL","2208 46TH","Topeka","KS","66609"
"JACQUE","ORAVEC","5391 47TH","Topeka","KS","66609"
"EMERSON","Sorsbie","3591 48TH","Topeka","KS","66609"
"FERMINA","Gillanders","325 49TH","Topeka","KS","66609"
"ROMAN","Yerrill","1971 53RD","Topeka","KS","66609"
"KATELYNN","KOTUR","3888 55TH","Topeka","KS","66609"
"SVETLANA","Sampey","7381 57TH","Topeka","KS","66609"
"NATHANIEL","KRIVANEK","9663 ADAMS","Topeka","KS","66609"
"LETICIA","Stanes","2912 ASTER","Topeka","KS","66609"
"MARGIT","LAING","9603 BIRCH","Topeka","KS","66609"
"CARL","WIEBOLD","2656 BLACKJACK","Topeka","KS","66609"
"DEIRDRE","FIREMAN","5380 BLAZING STAR","Topeka","KS","66609"
"FAITH","GIUFFRE","6980 BLUEMONT","Topeka","KS","66609"
"WAVA","REVETTE","2874 BRYANT","Topeka","KS","66609"
"MIGUELINA","VONASEK","7022 BURLINGAME","Topeka","KS","66609"
"LUCAS","HATCH","2110 CALIFORNIA","Topeka","KS","66609"
"JENINE","Keepe","2632 CHISOLM","Topeka","KS","66609"
"ZACHARIAH","LIGAS","7480 CLOVER","Topeka","KS","66609"
"ROXANNA","COTNER","371 COLFAX","Topeka","KS","66609"
"PERLA","GILLOOLY","8097 COLORADO","Topeka","KS","66609"
"JULISSA","FARALDO","4905 CONEFLOWER","Topeka","KS","66609"
"VENETTA","YAROSH","8933 COTTONWOOD","Topeka","KS","66609"
"SHONTA","Clooney","5316 CROCO","Topeka","KS","66609"
"DOTTY","VANDUNK","6672 DENNIS","Topeka","KS","66609"
"FLORANCE","Russam","4271 EAST EDGE","Topeka","KS","66609"
"MYRTIS","NIDIFFER","4253 EDGE","Topeka","KS","66609"
"HOPE","RIGGLES","8658 EVANS","Topeka","KS","66609"
"KATHARYN","Stollenbecker","9256 FREMONT","Topeka","KS","66609"
"ALLEGRA","KRZECZKOWSKI","2210 GEMSTONE","Topeka","KS","66609"
"TALISHA","Shambroke","167 GIRARD","Topeka","KS","66609"
"JERALD","Lease","2337 GRAND OAKS","Topeka","KS","66609"
"COLBY","BARIBEAU","9674 HEIGHTS","Topeka","KS","66609"
"KARRY","Handley","416 HIGHLAND","Topeka","KS","66609"
"VERTIE","OLIVERIA","524 HORSESHOE BEND","Topeka","KS","66609"
"RUDY","Kadd","2986 HOWEY","Topeka","KS","66609"
"JOSE","STOERMER","2629 HUMBOLDT","Topeka","KS","66609"
"WEN","Stygall","3041 IDAHO","Topeka","KS","66609"
"JAMAR","LEVIER","7851 ILLINOIS","Topeka","KS","66609"
"VELLA","Austick","9597 IOWA","Topeka","KS","66609"
"CHARIS","MORDARSKI","5071 JASMINE","Topeka","KS","66609"
"SCOTT","MELARA","9136 KENNY","Topeka","KS","66609"
"REGENA","Hattiff","7603 KENTUCKY","Topeka","KS","66609"
"ALIA","Beran","7105 KEVIN","Topeka","KS","66609"
"AJA","FAHRINGER","6166 KIRKLAWN","Topeka","KS","66609"
"DARRELL","INTRIERI","4924 LAKE","Topeka","KS","66609"
"CALANDRA","POLLMAN","9696 LAKEWOOD","Topeka","KS","66609"
"KEVEN","NOTTAGE","1430 LIVEOAK","Topeka","KS","66609"
"KIZZIE","Redfield","9458 LONG","Topeka","KS","66609"
"HERMINE","Sigert","9598 MARTIN","Topeka","KS","66609"
"STEPHANIE","TEAFF","6554 MARY","Topeka","KS","66609"
"INELL","STEERE","6317 MARYLAND","Topeka","KS","66609"
"DEBORA","RUSTAD","5299 MASSACHUSETTS","Topeka","KS","66609"
"TIANNA","GILLOCK","936 MERCIER","Topeka","KS","66609"
"LUIS","O'Hanlon","322 MICHIGAN","Topeka","KS","66609"
"KAREEN","BRENNA","8045 MIKE","Topeka","KS","66609"
"GARNET","SIMEONE","4852 MINNESOTA","Topeka","KS","66609"
"MALCOM","Pisculli","7467 MULBERRY","Topeka","KS","66609"
"JULIANN","Di Meo","5204 MULVANE","Topeka","KS","66609"
"DARRICK","Kivell","924 OAK","Topeka","KS","66609"
"TISH","YOST","2191 OAK BEND","Topeka","KS","66609"
"SHELLY","TURNBALL","8382 OAKRIDGE","Topeka","KS","66609"
"DEL","Molnar","4319 OAKVIEW","Topeka","KS","66609"
"JERROLD","Cymper","3585 OAKWOOD","Topeka","KS","66609"
"MOISES","RITTENBERRY","2764 OHIO","Topeka","KS","66609"
"ESPERANZA","FRIDELL","9786 PARK SOUTH","Topeka","KS","66609"
"DONA","HEDGES","2856 PAULEN","Topeka","KS","66609"
"WILLIA","GOLLA","7010 PENNSYLVANIA","Topeka","KS","66609"
"NED","DURANT","8238 PLAZA","Topeka","KS","66609"
"SHANNA","BOEHMAN","3338 POSTAGE DUE","Topeka","KS","66609"
"MICKI","WAGEMAN","3723 POWELL","Topeka","KS","66609"
"LELAND","Daudray","3120 PROMISE","Topeka","KS","66609"
"SHEREE","ASCHIM","1275 QUINCY","Topeka","KS","66609"
"CRISTI","Bryden","4491 RANDOLPH","Topeka","KS","66609"
"MARTINA","LERAY","3288 REX","Topeka","KS","66609"
"SINDY","FARRISH","3758 RIDGEVIEW","Topeka","KS","66609"
"FRANCISCO","GIERHART","7692 ROCKFIRE","Topeka","KS","66609"
"LOURA","Keeping","3186 RR 12","Topeka","KS","66609"
"TAMEKIA","VANHAMPLER","7872 SANNEMAN","Topeka","KS","66609"
"JANE","NELOMS","8690 SHAWNEE","Topeka","KS","66609"
"JEWEL","Measor,","4145 SILVERLEAF","Topeka","KS","66609"
"ASA","MUFFETT","7188 SOUTH PARK","Topeka","KS","66609"
"BRADLY","PLACE","5736 SOUTH VILLAGE","Topeka","KS","66609"
"TERENCE","Skeete","3910 SOUTHGATE","Topeka","KS","66609"
"EARL","Fishly","9181 STONE CREEK","Topeka","KS","66609"
"ELDORA","TEAR","3324 STONE LEDGE","Topeka","KS","66609"
"NAOMA","DIBERARDINO","7756 TERRA","Topeka","KS","66609"
"YUKO","OHMIT","9133 TOMAHAWK","Topeka","KS","66609"
"VELMA","Acton","8670 TOPEKA","Topeka","KS","66609"
"SHERLY","MULKIN","3243 TRUMAN","Topeka","KS","66609"
"BREANNA","ALBERICO","4217 VERRIDAR","Topeka","KS","66609"
"ROBERTA","ACKLAND","3309 VIOLET","Topeka","KS","66609"
